{"train_lr": 9.999999999999738e-05, "train_loss": 0.18860727930886353, "train_loss_ce": 0.18860727930886353, "train_loss_ce_unscaled": 0.18860727930886353, "train_mAP_micro": [0.7434796667636183], "train_mAP_macro": [0.3425452179687124], "test_mAP_micro": [0.6825413819924542], "test_mAP_macro": [0.3924332736299762], "test_loss": 0.24552284166809626, "test_loss_ce": 0.24552284166809626, "test_loss_ce_unscaled": 0.24552284166809626, "epoch": 0, "n_parameters": 4502141}
{"train_lr": 9.999999999999738e-05, "train_loss": 0.14623578232591067, "train_loss_ce": 0.14623578232591067, "train_loss_ce_unscaled": 0.14623578232591067, "epoch": 1, "n_parameters": 4502141}
{"train_lr": 9.999999999999738e-05, "train_loss": 0.13008294697673, "train_loss_ce": 0.13008294697673, "train_loss_ce_unscaled": 0.13008294697673, "epoch": 2, "n_parameters": 4502141}
{"train_lr": 9.999999999999738e-05, "train_loss": 0.1185091663062052, "train_loss_ce": 0.1185091663062052, "train_loss_ce_unscaled": 0.1185091663062052, "epoch": 3, "n_parameters": 4502141}
{"train_lr": 9.999999999999738e-05, "train_loss": 0.10946069835552694, "train_loss_ce": 0.10946069835552694, "train_loss_ce_unscaled": 0.10946069835552694, "epoch": 4, "n_parameters": 4502141}
{"train_lr": 9.999999999999738e-05, "train_loss": 0.1021948525281245, "train_loss_ce": 0.1021948525281245, "train_loss_ce_unscaled": 0.1021948525281245, "train_mAP_micro": [0.9050499546847078], "train_mAP_macro": [0.7309239848448434], "test_mAP_micro": [0.6937847115319479], "test_mAP_macro": [0.43996944811939337], "test_loss": 0.27919548483685536, "test_loss_ce": 0.27919548483685536, "test_loss_ce_unscaled": 0.27919548483685536, "epoch": 5, "n_parameters": 4502141}
{"train_lr": 9.999999999999738e-05, "train_loss": 0.09573730100644633, "train_loss_ce": 0.09573730100644633, "train_loss_ce_unscaled": 0.09573730100644633, "epoch": 6, "n_parameters": 4502141}
{"train_lr": 9.999999999999738e-05, "train_loss": 0.08977539469806059, "train_loss_ce": 0.08977539469806059, "train_loss_ce_unscaled": 0.08977539469806059, "epoch": 7, "n_parameters": 4502141}
{"train_lr": 9.999999999999738e-05, "train_loss": 0.08470505227166901, "train_loss_ce": 0.08470505227166901, "train_loss_ce_unscaled": 0.08470505227166901, "epoch": 8, "n_parameters": 4502141}
{"train_lr": 9.999999999999738e-05, "train_loss": 0.07929902358347016, "train_loss_ce": 0.07929902358347016, "train_loss_ce_unscaled": 0.07929902358347016, "epoch": 9, "n_parameters": 4502141}
